Posición,Base de Referencia,ID de Secuencia,Base,Tipo de Variante,Descripción
384,-,FJ237002.1,A,Inserción,Inserción de A en posición 384
384,-,FJ237001.1,A,Inserción,Inserción de A en posición 384
3043,T,NC_012095.1,C,Sustitución,Sustitución de T por C en posición 3043
3043,T,AP003428.1,C,Sustitución,Sustitución de T por C en posición 3043
3933,A,FJ237002.1,G,Sustitución,Sustitución de A por G en posición 3933
3933,A,FJ237001.1,G,Sustitución,Sustitución de A por G en posición 3933
5980,A,FJ237002.1,G,Sustitución,Sustitución de A por G en posición 5980
5980,A,FJ237001.1,G,Sustitución,Sustitución de A por G en posición 5980
5980,A,NC_012095.1,G,Sustitución,Sustitución de A por G en posición 5980
5980,A,AP003428.1,G,Sustitución,Sustitución de A por G en posición 5980
7188,G,FJ237002.1,A,Sustitución,Sustitución de G por A en posición 7188
7188,G,FJ237001.1,A,Sustitución,Sustitución de G por A en posición 7188
7895,A,FJ237002.1,G,Sustitución,Sustitución de A por G en posición 7895
7895,A,FJ237001.1,G,Sustitución,Sustitución de A por G en posición 7895
7895,A,NC_012095.1,G,Sustitución,Sustitución de A por G en posición 7895
7895,A,AP003428.1,G,Sustitución,Sustitución de A por G en posición 7895
8351,T,FJ237002.1,C,Sustitución,Sustitución de T por C en posición 8351
8351,T,FJ237001.1,C,Sustitución,Sustitución de T por C en posición 8351
8583,G,FJ237002.1,A,Sustitución,Sustitución de G por A en posición 8583
8583,G,FJ237001.1,A,Sustitución,Sustitución de G por A en posición 8583
9224,T,FJ237002.1,C,Sustitución,Sustitución de T por C en posición 9224
9224,T,FJ237001.1,C,Sustitución,Sustitución de T por C en posición 9224
9263,C,NC_012095.1,T,Sustitución,Sustitución de C por T en posición 9263
9263,C,AP003428.1,T,Sustitución,Sustitución de C por T en posición 9263
10283,A,FJ237002.1,G,Sustitución,Sustitución de A por G en posición 10283
10283,A,FJ237001.1,G,Sustitución,Sustitución de A por G en posición 10283
11904,G,FJ237001.1,A,Sustitución,Sustitución de G por A en posición 11904
11999,T,NC_012095.1,C,Sustitución,Sustitución de T por C en posición 11999
11999,T,AP003428.1,C,Sustitución,Sustitución de T por C en posición 11999
12053,G,FJ237002.1,A,Sustitución,Sustitución de G por A en posición 12053
12053,G,FJ237001.1,A,Sustitución,Sustitución de G por A en posición 12053
12053,G,NC_012095.1,A,Sustitución,Sustitución de G por A en posición 12053
12053,G,AP003428.1,A,Sustitución,Sustitución de G por A en posición 12053
12224,T,FJ237002.1,C,Sustitución,Sustitución de T por C en posición 12224
12224,T,FJ237001.1,C,Sustitución,Sustitución de T por C en posición 12224
12740,T,NC_012095.1,C,Sustitución,Sustitución de T por C en posición 12740
12740,T,AP003428.1,C,Sustitución,Sustitución de T por C en posición 12740
13107,T,FJ237002.1,C,Sustitución,Sustitución de T por C en posición 13107
13107,T,FJ237001.1,C,Sustitución,Sustitución de T por C en posición 13107
13107,T,NC_012095.1,C,Sustitución,Sustitución de T por C en posición 13107
13107,T,AP003428.1,C,Sustitución,Sustitución de T por C en posición 13107
13241,T,FJ237002.1,C,Sustitución,Sustitución de T por C en posición 13241
13241,T,FJ237001.1,C,Sustitución,Sustitución de T por C en posición 13241
13241,T,NC_012095.1,C,Sustitución,Sustitución de T por C en posición 13241
13241,T,AP003428.1,C,Sustitución,Sustitución de T por C en posición 13241
14756,C,NC_012095.1,A,Sustitución,Sustitución de C por A en posición 14756
14756,C,AP003428.1,A,Sustitución,Sustitución de C por A en posición 14756
15085,A,NC_012095.1,G,Sustitución,Sustitución de A por G en posición 15085
15085,A,AP003428.1,G,Sustitución,Sustitución de A por G en posición 15085
15560,A,NC_012095.1,T,Sustitución,Sustitución de A por T en posición 15560
15560,A,AP003428.1,T,Sustitución,Sustitución de A por T en posición 15560
15617,T,NC_012095.1,C,Sustitución,Sustitución de T por C en posición 15617
15617,T,AP003428.1,C,Sustitución,Sustitución de T por C en posición 15617
15759,C,NC_012095.1,T,Sustitución,Sustitución de C por T en posición 15759
15759,C,AP003428.1,T,Sustitución,Sustitución de C por T en posición 15759
15823,A,FJ237002.1,G,Sustitución,Sustitución de A por G en posición 15823
15823,A,FJ237001.1,G,Sustitución,Sustitución de A por G en posición 15823
15898,C,NC_012095.1,G,Sustitución,Sustitución de C por G en posición 15898
15898,C,AP003428.1,G,Sustitución,Sustitución de C por G en posición 15898
16128,A,FJ237002.1,G,Sustitución,Sustitución de A por G en posición 16128
16128,A,FJ237001.1,G,Sustitución,Sustitución de A por G en posición 16128
16128,A,NC_012095.1,G,Sustitución,Sustitución de A por G en posición 16128
16128,A,AP003428.1,G,Sustitución,Sustitución de A por G en posición 16128
16439,T,NC_012095.1,-,Deleción,Deleción de T en posición 16439
16439,T,AP003428.1,-,Deleción,Deleción de T en posición 16439
16440,G,NC_012095.1,-,Deleción,Deleción de G en posición 16440
16440,G,AP003428.1,-,Deleción,Deleción de G en posición 16440
16441,C,NC_012095.1,-,Deleción,Deleción de C en posición 16441
16441,C,AP003428.1,-,Deleción,Deleción de C en posición 16441
16442,G,NC_012095.1,-,Deleción,Deleción de G en posición 16442
16442,G,AP003428.1,-,Deleción,Deleción de G en posición 16442
16443,T,NC_012095.1,-,Deleción,Deleción de T en posición 16443
16443,T,AP003428.1,-,Deleción,Deleción de T en posición 16443
16444,A,NC_012095.1,-,Deleción,Deleción de A en posición 16444
16444,A,AP003428.1,-,Deleción,Deleción de A en posición 16444
16445,C,NC_012095.1,-,Deleción,Deleción de C en posición 16445
16445,C,AP003428.1,-,Deleción,Deleción de C en posición 16445
16446,A,NC_012095.1,-,Deleción,Deleción de A en posición 16446
16446,A,AP003428.1,-,Deleción,Deleción de A en posición 16446
16447,C,NC_012095.1,-,Deleción,Deleción de C en posición 16447
16447,C,AP003428.1,-,Deleción,Deleción de C en posición 16447
16448,G,NC_012095.1,-,Deleción,Deleción de G en posición 16448
16448,G,AP003428.1,-,Deleción,Deleción de G en posición 16448
16449,T,NC_012095.1,-,Deleción,Deleción de T en posición 16449
16449,T,AP003428.1,-,Deleción,Deleción de T en posición 16449
16450,G,NC_012095.1,-,Deleción,Deleción de G en posición 16450
16450,G,AP003428.1,-,Deleción,Deleción de G en posición 16450
16451,C,NC_012095.1,-,Deleción,Deleción de C en posición 16451
16451,C,AP003428.1,-,Deleción,Deleción de C en posición 16451
16452,G,NC_012095.1,-,Deleción,Deleción de G en posición 16452
16452,G,AP003428.1,-,Deleción,Deleción de G en posición 16452
16453,T,NC_012095.1,-,Deleción,Deleción de T en posición 16453
16453,T,AP003428.1,-,Deleción,Deleción de T en posición 16453
16454,A,NC_012095.1,-,Deleción,Deleción de A en posición 16454
16454,A,AP003428.1,-,Deleción,Deleción de A en posición 16454
16455,C,NC_012095.1,-,Deleción,Deleción de C en posición 16455
16455,C,AP003428.1,-,Deleción,Deleción de C en posición 16455
16456,A,NC_012095.1,-,Deleción,Deleción de A en posición 16456
16456,A,AP003428.1,-,Deleción,Deleción de A en posición 16456
16457,C,NC_012095.1,-,Deleción,Deleción de C en posición 16457
16457,C,AP003428.1,-,Deleción,Deleción de C en posición 16457
16458,G,NC_012095.1,-,Deleción,Deleción de G en posición 16458
16458,G,AP003428.1,-,Deleción,Deleción de G en posición 16458
16459,T,NC_012095.1,-,Deleción,Deleción de T en posición 16459
16459,T,AP003428.1,-,Deleción,Deleción de T en posición 16459
16460,G,NC_012095.1,-,Deleción,Deleción de G en posición 16460
16460,G,AP003428.1,-,Deleción,Deleción de G en posición 16460
16461,C,NC_012095.1,-,Deleción,Deleción de C en posición 16461
16461,C,AP003428.1,-,Deleción,Deleción de C en posición 16461
16462,G,NC_012095.1,-,Deleción,Deleción de G en posición 16462
16462,G,AP003428.1,-,Deleción,Deleción de G en posición 16462
16463,T,NC_012095.1,-,Deleción,Deleción de T en posición 16463
16463,T,AP003428.1,-,Deleción,Deleción de T en posición 16463
16464,A,NC_012095.1,-,Deleción,Deleción de A en posición 16464
16464,A,AP003428.1,-,Deleción,Deleción de A en posición 16464
16465,C,NC_012095.1,-,Deleción,Deleción de C en posición 16465
16465,C,AP003428.1,-,Deleción,Deleción de C en posición 16465
16466,A,NC_012095.1,-,Deleción,Deleción de A en posición 16466
16466,A,AP003428.1,-,Deleción,Deleción de A en posición 16466
16467,C,NC_012095.1,-,Deleción,Deleción de C en posición 16467
16467,C,AP003428.1,-,Deleción,Deleción de C en posición 16467
16468,G,NC_012095.1,-,Deleción,Deleción de G en posición 16468
16468,G,AP003428.1,-,Deleción,Deleción de G en posición 16468
16469,T,NC_012095.1,-,Deleción,Deleción de T en posición 16469
16469,T,AP003428.1,-,Deleción,Deleción de T en posición 16469
16470,G,NC_012095.1,-,Deleción,Deleción de G en posición 16470
16470,G,AP003428.1,-,Deleción,Deleción de G en posición 16470
16471,C,NC_012095.1,-,Deleción,Deleción de C en posición 16471
16471,C,AP003428.1,-,Deleción,Deleción de C en posición 16471
16472,G,NC_012095.1,-,Deleción,Deleción de G en posición 16472
16472,G,AP003428.1,-,Deleción,Deleción de G en posición 16472
16473,T,NC_012095.1,-,Deleción,Deleción de T en posición 16473
16473,T,AP003428.1,-,Deleción,Deleción de T en posición 16473
16474,A,NC_012095.1,-,Deleción,Deleción de A en posición 16474
16474,A,AP003428.1,-,Deleción,Deleción de A en posición 16474
16475,C,NC_012095.1,-,Deleción,Deleción de C en posición 16475
16475,C,AP003428.1,-,Deleción,Deleción de C en posición 16475
16476,A,NC_012095.1,-,Deleción,Deleción de A en posición 16476
16476,A,AP003428.1,-,Deleción,Deleción de A en posición 16476
16477,C,NC_012095.1,-,Deleción,Deleción de C en posición 16477
16477,C,AP003428.1,-,Deleción,Deleción de C en posición 16477
16478,G,NC_012095.1,-,Deleción,Deleción de G en posición 16478
16478,G,AP003428.1,-,Deleción,Deleción de G en posición 16478
16479,T,NC_012095.1,-,Deleción,Deleción de T en posición 16479
16479,T,AP003428.1,-,Deleción,Deleción de T en posición 16479
16480,G,NC_012095.1,-,Deleción,Deleción de G en posición 16480
16480,G,AP003428.1,-,Deleción,Deleción de G en posición 16480
16481,C,NC_012095.1,-,Deleción,Deleción de C en posición 16481
16481,C,AP003428.1,-,Deleción,Deleción de C en posición 16481
16482,G,NC_012095.1,-,Deleción,Deleción de G en posición 16482
16482,G,AP003428.1,-,Deleción,Deleción de G en posición 16482
16483,T,NC_012095.1,-,Deleción,Deleción de T en posición 16483
16483,T,AP003428.1,-,Deleción,Deleción de T en posición 16483
16484,A,NC_012095.1,-,Deleción,Deleción de A en posición 16484
16484,A,AP003428.1,-,Deleción,Deleción de A en posición 16484
16485,C,NC_012095.1,-,Deleción,Deleción de C en posición 16485
16485,C,AP003428.1,-,Deleción,Deleción de C en posición 16485
16486,A,NC_012095.1,-,Deleción,Deleción de A en posición 16486
16486,A,AP003428.1,-,Deleción,Deleción de A en posición 16486
16487,C,NC_012095.1,-,Deleción,Deleción de C en posición 16487
16487,C,AP003428.1,-,Deleción,Deleción de C en posición 16487
16488,G,NC_012095.1,-,Deleción,Deleción de G en posición 16488
16488,G,AP003428.1,-,Deleción,Deleción de G en posición 16488
16489,T,NC_012095.1,-,Deleción,Deleción de T en posición 16489
16489,T,AP003428.1,-,Deleción,Deleción de T en posición 16489
16490,G,NC_012095.1,-,Deleción,Deleción de G en posición 16490
16490,G,AP003428.1,-,Deleción,Deleción de G en posición 16490
16491,C,NC_012095.1,-,Deleción,Deleción de C en posición 16491
16491,C,AP003428.1,-,Deleción,Deleción de C en posición 16491
16492,G,NC_012095.1,-,Deleción,Deleción de G en posición 16492
16492,G,AP003428.1,-,Deleción,Deleción de G en posición 16492
16493,T,NC_012095.1,-,Deleción,Deleción de T en posición 16493
16493,T,AP003428.1,-,Deleción,Deleción de T en posición 16493
16494,A,NC_012095.1,-,Deleción,Deleción de A en posición 16494
16494,A,AP003428.1,-,Deleción,Deleción de A en posición 16494
16495,C,NC_012095.1,-,Deleción,Deleción de C en posición 16495
16495,C,AP003428.1,-,Deleción,Deleción de C en posición 16495
16496,A,NC_012095.1,-,Deleción,Deleción de A en posición 16496
16496,A,AP003428.1,-,Deleción,Deleción de A en posición 16496
16497,C,NC_012095.1,-,Deleción,Deleción de C en posición 16497
16497,C,AP003428.1,-,Deleción,Deleción de C en posición 16497
16498,G,NC_012095.1,-,Deleción,Deleción de G en posición 16498
16498,G,AP003428.1,-,Deleción,Deleción de G en posición 16498
16499,T,NC_012095.1,-,Deleción,Deleción de T en posición 16499
16499,T,AP003428.1,-,Deleción,Deleción de T en posición 16499
16500,G,NC_012095.1,-,Deleción,Deleción de G en posición 16500
16500,G,AP003428.1,-,Deleción,Deleción de G en posición 16500
16501,C,NC_012095.1,-,Deleción,Deleción de C en posición 16501
16501,C,AP003428.1,-,Deleción,Deleción de C en posición 16501
16502,G,NC_012095.1,-,Deleción,Deleción de G en posición 16502
16502,G,AP003428.1,-,Deleción,Deleción de G en posición 16502
16503,T,NC_012095.1,-,Deleción,Deleción de T en posición 16503
16503,T,AP003428.1,-,Deleción,Deleción de T en posición 16503
16504,A,NC_012095.1,-,Deleción,Deleción de A en posición 16504
16504,A,AP003428.1,-,Deleción,Deleción de A en posición 16504
16505,C,NC_012095.1,-,Deleción,Deleción de C en posición 16505
16505,C,AP003428.1,-,Deleción,Deleción de C en posición 16505
16506,A,NC_012095.1,-,Deleción,Deleción de A en posición 16506
16506,A,AP003428.1,-,Deleción,Deleción de A en posición 16506
16507,C,NC_012095.1,-,Deleción,Deleción de C en posición 16507
16507,C,AP003428.1,-,Deleción,Deleción de C en posición 16507
16508,G,NC_012095.1,-,Deleción,Deleción de G en posición 16508
16508,G,AP003428.1,-,Deleción,Deleción de G en posición 16508
16509,T,NC_012095.1,-,Deleción,Deleción de T en posición 16509
16509,T,AP003428.1,-,Deleción,Deleción de T en posición 16509
16510,G,NC_012095.1,-,Deleción,Deleción de G en posición 16510
16510,G,AP003428.1,-,Deleción,Deleción de G en posición 16510
16511,C,NC_012095.1,-,Deleción,Deleción de C en posición 16511
16511,C,AP003428.1,-,Deleción,Deleción de C en posición 16511
16512,G,NC_012095.1,-,Deleción,Deleción de G en posición 16512
16512,G,AP003428.1,-,Deleción,Deleción de G en posición 16512
16513,T,NC_012095.1,-,Deleción,Deleción de T en posición 16513
16513,T,AP003428.1,-,Deleción,Deleción de T en posición 16513
16514,A,NC_012095.1,-,Deleción,Deleción de A en posición 16514
16514,A,AP003428.1,-,Deleción,Deleción de A en posición 16514
16515,C,NC_012095.1,-,Deleción,Deleción de C en posición 16515
16515,C,AP003428.1,-,Deleción,Deleción de C en posición 16515
16516,A,NC_012095.1,-,Deleción,Deleción de A en posición 16516
16516,A,AP003428.1,-,Deleción,Deleción de A en posición 16516
16517,C,NC_012095.1,-,Deleción,Deleción de C en posición 16517
16517,C,AP003428.1,-,Deleción,Deleción de C en posición 16517
16518,G,NC_012095.1,-,Deleción,Deleción de G en posición 16518
16518,G,AP003428.1,-,Deleción,Deleción de G en posición 16518
16519,T,NC_012095.1,-,Deleción,Deleción de T en posición 16519
16519,T,AP003428.1,-,Deleción,Deleción de T en posición 16519
16520,G,NC_012095.1,-,Deleción,Deleción de G en posición 16520
16520,G,AP003428.1,-,Deleción,Deleción de G en posición 16520
16521,C,NC_012095.1,-,Deleción,Deleción de C en posición 16521
16521,C,AP003428.1,-,Deleción,Deleción de C en posición 16521
16522,G,NC_012095.1,-,Deleción,Deleción de G en posición 16522
16522,G,AP003428.1,-,Deleción,Deleción de G en posición 16522
16523,T,NC_012095.1,-,Deleción,Deleción de T en posición 16523
16523,T,AP003428.1,-,Deleción,Deleción de T en posición 16523
16524,A,NC_012095.1,-,Deleción,Deleción de A en posición 16524
16524,A,AP003428.1,-,Deleción,Deleción de A en posición 16524
16525,C,NC_012095.1,-,Deleción,Deleción de C en posición 16525
16525,C,AP003428.1,-,Deleción,Deleción de C en posición 16525
16526,A,NC_012095.1,-,Deleción,Deleción de A en posición 16526
16526,A,AP003428.1,-,Deleción,Deleción de A en posición 16526
16527,C,NC_012095.1,-,Deleción,Deleción de C en posición 16527
16527,C,AP003428.1,-,Deleción,Deleción de C en posición 16527
16528,G,NC_012095.1,-,Deleción,Deleción de G en posición 16528
16528,G,AP003428.1,-,Deleción,Deleción de G en posición 16528
16529,T,NC_012095.1,-,Deleción,Deleción de T en posición 16529
16529,T,AP003428.1,-,Deleción,Deleción de T en posición 16529
16530,G,NC_012095.1,-,Deleción,Deleción de G en posición 16530
16530,G,AP003428.1,-,Deleción,Deleción de G en posición 16530
16531,C,NC_012095.1,-,Deleción,Deleción de C en posición 16531
16531,C,AP003428.1,-,Deleción,Deleción de C en posición 16531
16532,G,NC_012095.1,-,Deleción,Deleción de G en posición 16532
16532,G,AP003428.1,-,Deleción,Deleción de G en posición 16532
16533,T,NC_012095.1,-,Deleción,Deleción de T en posición 16533
16533,T,AP003428.1,-,Deleción,Deleción de T en posición 16533
16534,A,NC_012095.1,-,Deleción,Deleción de A en posición 16534
16534,A,AP003428.1,-,Deleción,Deleción de A en posición 16534
16535,C,NC_012095.1,-,Deleción,Deleción de C en posición 16535
16535,C,AP003428.1,-,Deleción,Deleción de C en posición 16535
16536,A,NC_012095.1,-,Deleción,Deleción de A en posición 16536
16536,A,AP003428.1,-,Deleción,Deleción de A en posición 16536
16537,C,NC_012095.1,-,Deleción,Deleción de C en posición 16537
16537,C,AP003428.1,-,Deleción,Deleción de C en posición 16537
16538,G,NC_012095.1,-,Deleción,Deleción de G en posición 16538
16538,G,AP003428.1,-,Deleción,Deleción de G en posición 16538
16539,T,NC_012095.1,-,Deleción,Deleción de T en posición 16539
16539,T,AP003428.1,-,Deleción,Deleción de T en posición 16539
16540,G,NC_012095.1,-,Deleción,Deleción de G en posición 16540
16540,G,AP003428.1,-,Deleción,Deleción de G en posición 16540
16541,C,NC_012095.1,-,Deleción,Deleción de C en posición 16541
16541,C,AP003428.1,-,Deleción,Deleción de C en posición 16541
16542,G,NC_012095.1,-,Deleción,Deleción de G en posición 16542
16542,G,AP003428.1,-,Deleción,Deleción de G en posición 16542
16543,T,NC_012095.1,-,Deleción,Deleción de T en posición 16543
16543,T,AP003428.1,-,Deleción,Deleción de T en posición 16543
16544,A,NC_012095.1,-,Deleción,Deleción de A en posición 16544
16544,A,AP003428.1,-,Deleción,Deleción de A en posición 16544
16545,C,NC_012095.1,-,Deleción,Deleción de C en posición 16545
16545,C,AP003428.1,-,Deleción,Deleción de C en posición 16545
16546,A,NC_012095.1,-,Deleción,Deleción de A en posición 16546
16546,A,AP003428.1,-,Deleción,Deleción de A en posición 16546
16547,C,NC_012095.1,-,Deleción,Deleción de C en posición 16547
16547,C,AP003428.1,-,Deleción,Deleción de C en posición 16547
16548,G,NC_012095.1,-,Deleción,Deleción de G en posición 16548
16548,G,AP003428.1,-,Deleción,Deleción de G en posición 16548
16549,T,NC_012095.1,-,Deleción,Deleción de T en posición 16549
16549,T,AP003428.1,-,Deleción,Deleción de T en posición 16549
16550,G,NC_012095.1,-,Deleción,Deleción de G en posición 16550
16550,G,AP003428.1,-,Deleción,Deleción de G en posición 16550
16551,C,NC_012095.1,-,Deleción,Deleción de C en posición 16551
16551,C,AP003428.1,-,Deleción,Deleción de C en posición 16551
16552,G,NC_012095.1,-,Deleción,Deleción de G en posición 16552
16552,G,AP003428.1,-,Deleción,Deleción de G en posición 16552
16553,T,NC_012095.1,-,Deleción,Deleción de T en posición 16553
16553,T,AP003428.1,-,Deleción,Deleción de T en posición 16553
16554,A,NC_012095.1,-,Deleción,Deleción de A en posición 16554
16554,A,AP003428.1,-,Deleción,Deleción de A en posición 16554
16555,C,NC_012095.1,-,Deleción,Deleción de C en posición 16555
16555,C,AP003428.1,-,Deleción,Deleción de C en posición 16555
16556,A,NC_012095.1,-,Deleción,Deleción de A en posición 16556
16556,A,AP003428.1,-,Deleción,Deleción de A en posición 16556
16557,C,NC_012095.1,-,Deleción,Deleción de C en posición 16557
16557,C,AP003428.1,-,Deleción,Deleción de C en posición 16557
16558,G,NC_012095.1,-,Deleción,Deleción de G en posición 16558
16558,G,AP003428.1,-,Deleción,Deleción de G en posición 16558
16559,T,NC_012095.1,-,Deleción,Deleción de T en posición 16559
16559,T,AP003428.1,-,Deleción,Deleción de T en posición 16559
16560,G,NC_012095.1,-,Deleción,Deleción de G en posición 16560
16560,G,AP003428.1,-,Deleción,Deleción de G en posición 16560
16561,C,NC_012095.1,-,Deleción,Deleción de C en posición 16561
16561,C,AP003428.1,-,Deleción,Deleción de C en posición 16561
16562,G,NC_012095.1,-,Deleción,Deleción de G en posición 16562
16562,G,AP003428.1,-,Deleción,Deleción de G en posición 16562
16563,T,NC_012095.1,-,Deleción,Deleción de T en posición 16563
16563,T,AP003428.1,-,Deleción,Deleción de T en posición 16563
16564,A,NC_012095.1,-,Deleción,Deleción de A en posición 16564
16564,A,AP003428.1,-,Deleción,Deleción de A en posición 16564
16565,C,NC_012095.1,-,Deleción,Deleción de C en posición 16565
16565,C,AP003428.1,-,Deleción,Deleción de C en posición 16565
16566,A,NC_012095.1,-,Deleción,Deleción de A en posición 16566
16566,A,AP003428.1,-,Deleción,Deleción de A en posición 16566
16567,C,NC_012095.1,-,Deleción,Deleción de C en posición 16567
16567,C,AP003428.1,-,Deleción,Deleción de C en posición 16567
16568,G,NC_012095.1,-,Deleción,Deleción de G en posición 16568
16568,G,AP003428.1,-,Deleción,Deleción de G en posición 16568
16569,T,NC_012095.1,-,Deleción,Deleción de T en posición 16569
16569,T,AP003428.1,-,Deleción,Deleción de T en posición 16569
16570,G,NC_012095.1,-,Deleción,Deleción de G en posición 16570
16570,G,AP003428.1,-,Deleción,Deleción de G en posición 16570
16571,C,NC_012095.1,-,Deleción,Deleción de C en posición 16571
16571,C,AP003428.1,-,Deleción,Deleción de C en posición 16571
16572,G,NC_012095.1,-,Deleción,Deleción de G en posición 16572
16572,G,AP003428.1,-,Deleción,Deleción de G en posición 16572
16573,T,NC_012095.1,-,Deleción,Deleción de T en posición 16573
16573,T,AP003428.1,-,Deleción,Deleción de T en posición 16573
16574,A,NC_012095.1,-,Deleción,Deleción de A en posición 16574
16574,A,AP003428.1,-,Deleción,Deleción de A en posición 16574
16575,C,NC_012095.1,-,Deleción,Deleción de C en posición 16575
16575,C,AP003428.1,-,Deleción,Deleción de C en posición 16575
16576,A,NC_012095.1,-,Deleción,Deleción de A en posición 16576
16576,A,AP003428.1,-,Deleción,Deleción de A en posición 16576
16577,C,NC_012095.1,-,Deleción,Deleción de C en posición 16577
16577,C,AP003428.1,-,Deleción,Deleción de C en posición 16577
16578,G,NC_012095.1,-,Deleción,Deleción de G en posición 16578
16578,G,AP003428.1,-,Deleción,Deleción de G en posición 16578
16579,T,NC_012095.1,-,Deleción,Deleción de T en posición 16579
16579,T,AP003428.1,-,Deleción,Deleción de T en posición 16579
16580,G,NC_012095.1,-,Deleción,Deleción de G en posición 16580
16580,G,AP003428.1,-,Deleción,Deleción de G en posición 16580
16581,C,NC_012095.1,-,Deleción,Deleción de C en posición 16581
16581,C,AP003428.1,-,Deleción,Deleción de C en posición 16581
16582,G,NC_012095.1,-,Deleción,Deleción de G en posición 16582
16582,G,AP003428.1,-,Deleción,Deleción de G en posición 16582
16583,T,NC_012095.1,-,Deleción,Deleción de T en posición 16583
16583,T,AP003428.1,-,Deleción,Deleción de T en posición 16583
16584,A,NC_012095.1,-,Deleción,Deleción de A en posición 16584
16584,A,AP003428.1,-,Deleción,Deleción de A en posición 16584
16585,C,NC_012095.1,-,Deleción,Deleción de C en posición 16585
16585,C,AP003428.1,-,Deleción,Deleción de C en posición 16585
16586,A,NC_012095.1,-,Deleción,Deleción de A en posición 16586
16586,A,AP003428.1,-,Deleción,Deleción de A en posición 16586
16587,C,NC_012095.1,-,Deleción,Deleción de C en posición 16587
16587,C,AP003428.1,-,Deleción,Deleción de C en posición 16587
16588,G,NC_012095.1,-,Deleción,Deleción de G en posición 16588
16588,G,AP003428.1,-,Deleción,Deleción de G en posición 16588
16589,T,NC_012095.1,-,Deleción,Deleción de T en posición 16589
16589,T,AP003428.1,-,Deleción,Deleción de T en posición 16589
16590,G,NC_012095.1,-,Deleción,Deleción de G en posición 16590
16590,G,AP003428.1,-,Deleción,Deleción de G en posición 16590
16591,C,NC_012095.1,-,Deleción,Deleción de C en posición 16591
16591,C,AP003428.1,-,Deleción,Deleción de C en posición 16591
16592,G,NC_012095.1,-,Deleción,Deleción de G en posición 16592
16592,G,AP003428.1,-,Deleción,Deleción de G en posición 16592
16593,T,NC_012095.1,-,Deleción,Deleción de T en posición 16593
16593,T,AP003428.1,-,Deleción,Deleción de T en posición 16593
16594,A,NC_012095.1,-,Deleción,Deleción de A en posición 16594
16594,A,AP003428.1,-,Deleción,Deleción de A en posición 16594
16595,C,NC_012095.1,-,Deleción,Deleción de C en posición 16595
16595,C,AP003428.1,-,Deleción,Deleción de C en posición 16595
16596,A,NC_012095.1,-,Deleción,Deleción de A en posición 16596
16596,A,AP003428.1,-,Deleción,Deleción de A en posición 16596
16597,C,NC_012095.1,-,Deleción,Deleción de C en posición 16597
16597,C,AP003428.1,-,Deleción,Deleción de C en posición 16597
16598,G,NC_012095.1,-,Deleción,Deleción de G en posición 16598
16598,G,AP003428.1,-,Deleción,Deleción de G en posición 16598
16599,T,NC_012095.1,-,Deleción,Deleción de T en posición 16599
16599,T,AP003428.1,-,Deleción,Deleción de T en posición 16599
16600,G,NC_012095.1,-,Deleción,Deleción de G en posición 16600
16600,G,AP003428.1,-,Deleción,Deleción de G en posición 16600
16601,C,NC_012095.1,-,Deleción,Deleción de C en posición 16601
16601,C,AP003428.1,-,Deleción,Deleción de C en posición 16601
16602,G,NC_012095.1,-,Deleción,Deleción de G en posición 16602
16602,G,AP003428.1,-,Deleción,Deleción de G en posición 16602
16603,T,NC_012095.1,-,Deleción,Deleción de T en posición 16603
16603,T,AP003428.1,-,Deleción,Deleción de T en posición 16603
16604,A,NC_012095.1,-,Deleción,Deleción de A en posición 16604
16604,A,AP003428.1,-,Deleción,Deleción de A en posición 16604
16605,C,NC_012095.1,-,Deleción,Deleción de C en posición 16605
16605,C,AP003428.1,-,Deleción,Deleción de C en posición 16605
16606,A,NC_012095.1,-,Deleción,Deleción de A en posición 16606
16606,A,AP003428.1,-,Deleción,Deleción de A en posición 16606
16607,C,NC_012095.1,-,Deleción,Deleción de C en posición 16607
16607,C,AP003428.1,-,Deleción,Deleción de C en posición 16607
16608,G,NC_012095.1,-,Deleción,Deleción de G en posición 16608
16608,G,AP003428.1,-,Deleción,Deleción de G en posición 16608
